Date,Minf2,Pip2,Msup2,Trend2,Tail2,Minf1,Pip1,Psup1,Trend1,Tail1,Out
2019.12.30,41,231,221,Up,493,9,186,221,up,416,pert
2019.12.31,9,186,221,Up,416,87,410,11,down,508,gain
2020.01.02,87,410,11,down,508,308,164,75,down,547,pert
2020.01.03,308,164,75,down,547,75,322,86,up,483,gain
2020.01.06,75,322,86,Up,483,191,434,15,down,640,gain
2020.01.07,191,434,15,down,640,37,476,152,down,665,pert
2020.01.08,37,476,152,down,665,128,2,150,down,280,pert
2020.01.09,128,2,150,down,280,201,161,79,up,441,gain
2020.01.10,201,161,79,Up,441,35,176,131,up,342,pert
2020.01.13,35,176,131,Up,342,232,64,106,down,402,gain
2020.01.14,232,64,106,down,402,99,211,138,up,448,gain
2020.01.15,99,211,138,Up,448,80,134,234,down,448,gain
2020.01.16,80,134,234,down,448,31,459,73,down,563,pert
2020.01.17,31,459,73,down,563,154,24,80,up,258,gain
2020.01.20,154,24,80,Up,258,10,115,246,down,371,gain
2020.01.21,10,115,246,down,371,115,104,63,up,282,gain
2020.01.22,115,104,63,Up,282,179,378,167,down,724,gain
2020.01.23,179,378,167,down,724,59,287,75,down,421,pert
2020.01.24,59,287,75,down,421,88,111,80,down,279,pert
2020.01.27,88,111,80,down,279,208,35,31,up,274,gain
2020.01.28,208,35,31,Up,274,177,120,58,down,355,gain
2020.01.29,177,120,58,down,355,30,214,81,up,325,gain
2020.01.30,30,214,81,Up,325,145,630,8,up,783,pert
2020.01.31,145,630,8,Up,783,244,314,20,down,578,gain
2020.02.03,244,314,20,down,578,107,156,52,down,315,pert
2020.02.04,107,156,52,down,315,54,447,42,down,543,pert
2020.02.05,54,447,42,down,543,184,162,149,down,495,pert
2020.02.06,184,162,149,down,495,12,397,22,down,431,pert
2020.02.07,12,397,22,down,431,29,319,150,down,498,pert
2020.02.10,29,319,150,down,498,193,40,102,up,335,gain
2020.02.11,193,40,102,Up,335,77,418,109,down,604,gain
2020.02.12,77,418,109,down,604,69,308,171,down,548,pert
2020.02.13,69,308,171,down,548,29,107,204,down,340,pert
2020.02.14,29,107,204,down,340,55,51,112,down,218,pert
2020.02.17,55,51,112,down,218,55,438,27,down,520,pert
2020.02.18,55,438,27,down,520,85,133,78,up,296,gain
2020.02.19,85,133,78,Up,296,63,195,178,down,436,gain
2020.02.20,63,195,178,down,436,6,633,160,up,799,gain
2020.02.21,6,633,160,Up,799,201,270,200,up,671,pert
2020.02.24,201,270,200,Up,671,219,287,95,up,601,pert
2020.02.25,219,287,95,Up,601,257,1,280,up,538,pert
2020.02.26,257,1,280,Up,538,41,1186,68,up,1295,pert
2020.02.27,41,1186,68,Up,1295,490,295,238,up,1023,pert
2020.02.28,490,295,238,Up,1023,45,925,513,up,1483,pert
2020.03.02,45,925,513,Up,1483,363,396,420,up,1179,pert
2020.03.03,363,396,420,Up,1179,383,371,168,down,922,gain
2020.03.04,383,371,168,down,922,145,1031,76,up,1252,gain
2020.03.05,145,1031,76,Up,1252,257,531,645,up,1433,pert
2020.03.06,257,531,645,Up,1433,72,889,606,up,1567,pert
2020.03.09,72,889,606,Up,1567,162,1453,216,down,1831,gain
2020.03.10,162,1453,216,down,1831,107,298,757,down,1162,pert
2020.03.11,107,298,757,down,1162,1113,935,730,down,2778,pert
2020.03.12,1113,935,730,down,2778,476,661,525,down,1662,pert
2020.03.13,476,661,525,down,1662,931,109,478,down,1518,pert
2020.03.16,931,109,478,down,1518,502,1725,113,down,2340,pert
2020.03.17,502,1725,113,down,2340,1100,945,389,down,2434,pert
2020.03.18,1100,945,389,down,2434,48,2528,700,down,3276,pert
2020.03.19,48,2528,700,down,3276,239,321,1374,up,1934,gain
2020.03.20,239,321,1374,Up,1934,582,320,1017,up,1919,pert
2020.03.23,582,320,1017,Up,1919,0,599,1055,up,1654,pert
2020.03.24,0,599,1055,Up,1654,222,973,143,up,1338,pert
2020.03.25,222,973,143,Up,1338,97,1494,295,up,1886,pert
2020.03.26,97,1494,295,Up,1886,757,1141,39,up,1937,pert
2020.03.27,757,1141,39,Up,1937,328,732,280,down,1340,gain
2020.03.30,328,732,280,down,1340,1083,65,123,down,1271,pert
2020.03.31,1083,65,123,down,1271,589,683,91,down,1363,pert
2020.04.01,589,683,91,down,1363,363,1051,59,down,1473,pert
2020.04.02,363,1051,59,down,1473,400,423,91,down,914,pert
2020.04.03,400,423,91,down,914,238,168,266,down,672,pert
2020.04.06,238,168,266,down,672,86,984,355,up,1425,gain
2020.04.07,86,984,355,Up,1425,267,338,117,down,722,gain
2020.04.08,267,338,117,down,722,150,726,230,up,1106,gain
2020.04.09,150,726,230,Up,1106,101,61,175,up,337,pert
2020.04.10,101,61,175,Up,337,195,308,248,down,751,gain
2020.04.13,195,308,248,down,751,133,678,72,up,883,gain
2020.04.14,133,678,72,Up,883,504,728,113,down,1345,gain
2020.04.15,504,728,113,down,1345,220,690,35,down,945,pert
2020.04.16,220,690,35,down,945,267,353,186,up,806,gain
2020.04.17,267,353,186,Up,806,196,18,340,down,554,gain
2020.04.20,196,18,340,down,554,400,47,190,down,637,pert
2020.04.21,400,47,190,down,637,197,334,288,down,819,pert
2020.04.22,197,334,288,down,819,200,466,240,down,906,pert
2020.04.23,200,466,240,down,906,491,484,13,up,988,gain
2020.04.24,491,484,13,Up,988,96,72,322,up,490,pert
2020.04.27,96,72,322,Up,490,86,93,608,down,787,gain
2020.04.28,86,93,608,down,787,1,548,127,up,676,gain
2020.04.29,1,548,127,Up,676,381,798,217,up,1396,pert
2020.04.30,381,798,217,Up,1396,142,317,378,up,837,pert
2020.05.01,142,317,378,Up,837,109,619,59,down,787,gain
2020.05.04,109,619,59,down,787,133,664,203,down,1000,pert
2020.05.05,133,664,203,down,1000,111,468,57,down,636,pert
2020.05.06,111,468,57,down,636,261,394,20,up,675,gain
2020.05.07,261,394,20,Up,675,165,71,369,up,605,pert
2020.05.08,165,71,369,Up,605,55,180,263,down,498,gain
2020.05.11,55,180,263,down,498,195,431,383,up,1009,gain
2020.05.12,195,431,383,Up,1009,58,291,499,down,848,gain
2020.05.13,58,291,499,down,848,294,125,71,down,490,pert
2020.05.14,294,125,71,down,490,143,156,318,up,617,gain
2020.05.15,143,156,318,Up,617,16,1125,130,up,1271,pert
2020.05.18,16,1125,130,Up,1271,124,72,542,up,738,pert
2020.05.19,124,72,542,Up,738,43,559,222,up,824,pert
2020.05.20,43,559,222,Up,824,104,285,321,down,710,gain
2020.05.21,104,285,321,down,710,170,436,78,down,684,pert
2020.05.22,170,436,78,down,684,247,3,188,up,438,gain
2020.05.25,247,3,188,Up,438,3,896,140,up,1039,pert
2020.05.26,3,896,140,Up,1039,475,212,280,up,967,pert
2020.05.27,475,212,280,Up,967,45,795,177,up,1017,pert
2020.05.28,45,795,177,Up,1017,87,320,374,up,781,pert
2020.05.29,87,320,374,Up,781,147,193,193,up,533,pert
2020.06.01,147,193,193,Up,533,191,343,272,up,806,pert
2020.06.02,191,343,272,Up,806,13,655,243,up,911,pert
2020.06.03,13,655,243,Up,911,374,1044,256,up,1674,pert
2020.06.04,374,1044,256,Up,1674,92,493,470,down,1055,gain
2020.06.05,92,493,470,down,1055,0,0,0,NA,513,NA
2020.06.08,2,0,0,NA,513,0,456,0,NA,1226,NA
2020.06.09,524,456,246,Up,1226,173,335,499,up,1007,pert
2020.06.10,173,335,499,Up,1007,95,742,312,down,1149,gain
2020.06.11,95,742,312,down,1149,479,329,469,down,1277,pert
2020.06.12,479,329,469,down,1277,93,866,101,up,1060,gain
2020.06.15,93,866,101,Up,1060,357,587,311,down,1255,gain
2020.06.16,357,587,311,down,1255,356,202,311,down,869,pert
2020.06.17,356,202,311,down,869,195,379,184,down,758,pert
2020.06.18,195,379,184,down,758,84,282,495,down,861,pert
2020.06.19,84,282,495,down,861,135,774,104,up,1013,gain
2020.06.22,135,774,104,Up,1013,262,482,409,up,1153,pert
2020.06.23,262,482,409,Up,1153,20,570,184,down,774,gain
2020.06.24,20,570,184,down,774,268,333,92,down,693,pert
2020.06.25,268,333,92,down,693,228,2,210,down,440,pert
2020.06.29,0,264,466,Up,730,427,76,204,down,707,gain
2020.06.30,427,76,204,down,707,493,167,242,up,902,gain
2020.07.01,493,167,242,Up,902,157,119,518,down,794,gain
2020.07.02,157,119,518,down,794,199,91,42,up,332,gain
2020.07.03,199,91,42,Up,332,24,655,370,up,1049,pert
2020.07.06,24,655,370,Up,1049,140,357,239,down,736,gain
2020.07.07,140,357,239,down,736,53,618,223,up,894,gain
2020.07.08,53,618,223,Up,894,45,441,419,down,905,gain
2020.07.09,45,441,419,down,905,297,120,282,up,699,gain
2020.07.10,297,120,282,Up,699,7,420,313,up,740,pert
2020.07.13,7,420,313,Up,740,181,562,92,up,835,pert
2020.07.14,181,562,92,Up,835,80,124,404,up,608,pert
2020.07.15,80,124,404,Up,608,131,279,306,down,716,gain
2020.07.16,131,279,306,down,716,87,426,179,up,692,gain
2020.07.17,87,426,179,Up,692,21,430,204,up,655,pert
2020.07.20,21,430,204,Up,655,243,795,131,up,1169,pert
2020.07.21,243,795,131,Up,1169,202,427,314,up,943,pert
2020.07.22,202,427,314,Up,943,291,266,307,up,864,pert
2020.07.23,291,266,307,Up,864,144,592,27,up,763,pert
2020.07.24,144,592,27,Up,763,19,1079,301,up,1399,pert
2020.07.27,19,1079,301,Up,1399,164,362,223,down,749,gain
2020.07.28,164,362,223,down,749,22,758,153,up,933,gain
2020.07.29,22,758,153,Up,933,603,557,13,up,1173,pert
2020.07.30,603,557,13,Up,1173,100,752,621,down,1473,gain
2020.07.31,100,752,621,down,1473,660,80,269,down,1009,pert
2020.08.03,660,80,269,down,1009,421,395,32,up,848,gain
2020.08.04,421,395,32,Up,848,97,603,418,up,1118,pert
2020.08.05,97,603,418,Up,1118,449,135,398,up,982,pert
2020.08.06,449,135,398,Up,982,304,909,64,down,1277,gain
2020.08.07,304,909,64,down,1277,12,493,142,down,647,pert
2020.08.10,12,493,142,down,647,153,22,679,up,854,gain
2020.08.11,153,22,679,Up,854,293,433,330,up,1056,pert
2020.08.12,293,433,330,Up,1056,39,296,509,up,844,pert
2020.08.13,39,296,509,Up,844,312,287,90,up,689,pert
2020.08.14,312,287,90,Up,689,92,321,112,up,525,pert
2020.08.17,92,321,112,Up,525,40,611,350,up,1001,pert
2020.08.18,40,611,350,Up,1001,84,917,224,down,1225,gain
2020.08.19,84,917,224,down,1225,335,244,86,up,665,gain
2020.08.20,335,244,86,Up,665,422,635,228,down,1285,gain
2020.08.21,422,635,228,down,1285,32,56,567,down,655,pert
2020.08.24,32,56,567,down,655,31,472,93,up,596,gain
2020.08.25,31,472,93,Up,596,577,42,51,down,670,gain
2020.08.26,577,42,51,down,670,596,80,716,down,1392,pert
2020.08.27,596,80,716,down,1392,105,840,141,up,1086,gain
2020.08.28,105,840,141,Up,1086,197,325,299,up,821,pert
2020.08.31,197,325,299,Up,821,102,245,750,down,1097,gain
2020.09.01,102,245,750,down,1097,327,565,173,down,1065,pert
2020.09.02,327,565,173,down,1065,625,9,124,down,758,pert
2020.09.03,625,9,124,down,758,586,119,139,down,844,pert
2020.09.04,586,119,139,down,844,25,322,27,down,374,pert
2020.09.07,25,322,27,down,374,85,397,137,down,619,pert
2020.09.08,85,397,137,down,619,219,280,310,up,809,gain
2020.09.09,219,280,310,Up,809,32,120,1028,up,1180,pert
2020.09.10,32,120,1028,Up,1180,59,314,280,up,653,pert
2020.09.11,59,314,280,Up,653,41,281,237,up,559,pert
2020.09.14,41,281,237,Up,559,69,186,356,down,611,gain
2020.09.15,69,186,356,down,611,282,310,361,down,953,pert
2020.09.16,282,310,361,down,953,772,330,47,up,1149,gain
2020.09.17,772,330,47,Up,1149,155,63,227,down,445,gain
2020.09.18,155,63,227,down,445,391,748,262,down,1401,pert
2020.09.21,391,748,262,down,1401,161,623,35,down,819,pert
2020.09.22,161,623,35,down,819,84,479,115,down,678,pert
2020.09.23,84,479,115,down,678,326,118,160,up,604,gain
2020.09.24,326,118,160,Up,604,174,410,143,down,727,gain
2020.09.25,174,410,143,down,727,71,428,149,up,648,gain
2020.09.28,71,428,149,Up,648,41,776,29,up,846,pert
2020.09.29,41,776,29,Up,846,364,220,117,down,701,gain
2020.09.30,364,220,117,down,701,39,255,229,up,523,gain
2020.10.01,39,255,229,Up,523,208,324,0,down,532,gain
2020.10.02,208,324,0,down,532,78,694,149,up,921,gain
2020.10.05,78,694,149,Up,921,18,492,250,down,760,gain
2020.10.06,18,492,250,down,760,87,293,190,up,570,gain
2020.10.07,87,293,190,Up,570,258,42,192,down,492,gain
2020.10.08,258,42,192,down,492,36,706,11,up,753,gain
2020.10.09,36,706,11,Up,753,254,53,92,down,399,gain
2020.10.12,254,53,92,down,399,141,674,35,down,850,pert
2020.10.13,141,674,35,down,850,0,0,0,NA,517,NA
2020.10.14,2,0,0,NA,517,0,379,0,NA,694,NA
2020.10.15,191,379,124,down,694,134,87,300,up,521,gain
2020.10.16,134,87,300,Up,521,165,500,241,up,906,pert
2020.10.19,165,500,241,Up,906,97,516,196,up,809,pert
2020.10.20,97,516,196,Up,809,6,384,208,up,598,pert
2020.10.21,6,384,208,Up,598,63,405,85,down,553,gain
2020.10.22,63,405,85,down,553,310,421,48,up,779,gain
2020.10.23,310,421,48,Up,779,56,464,3,down,523,gain
2020.10.26,56,464,3,down,523,52,217,300,down,569,pert
2020.10.27,52,217,300,down,569,273,419,9,down,701,pert
2020.10.28,273,419,9,down,701,241,711,135,down,1087,pert
2020.10.29,241,711,135,down,1087,64,279,299,down,642,pert
2020.10.30,64,279,299,down,642,183,64,88,down,335,pert
2020.11.02,183,64,88,down,335,83,744,246,up,1073,gain
2020.11.03,83,744,246,Up,1073,1131,94,460,up,1685,pert
2020.11.04,1131,94,460,Up,1685,136,1023,331,up,1490,pert
2020.11.05,136,1023,331,Up,1490,318,474,163,up,955,pert
2020.11.06,318,474,163,Up,955,176,746,327,down,1249,gain
2020.11.09,176,746,327,down,1249,326,12,296,up,634,gain
2020.11.10,326,12,296,Up,634,316,367,190,down,873,gain
2020.11.11,316,367,190,down,873,185,277,183,up,645,gain
2020.11.12,185,277,183,Up,645,58,279,46,up,383,pert
2020.11.13,58,279,46,Up,383,259,116,172,up,547,pert
2020.11.16,259,116,172,Up,547,81,96,334,up,511,pert
2020.11.17,81,96,334,Up,511,35,92,292,down,419,gain
2020.11.18,35,92,292,down,419,363,219,80,up,662,gain
2020.11.19,363,219,80,Up,662,90,158,164,down,412,gain
2020.11.20,90,158,164,down,412,399,97,565,down,1061,pert
2020.11.23,399,97,565,down,1061,41,505,55,up,601,gain
2020.11.24,41,505,55,Up,601,86,252,141,up,479,pert
2020.11.25,86,252,141,Up,479,274,37,245,down,556,gain
2020.11.26,274,37,245,down,556,58,468,37,up,563,gain
2020.11.27,58,468,37,Up,563,20,344,434,down,798,gain
2020.11.30,20,344,434,down,798,8,1431,74,up,1513,gain
2020.12.01,8,1431,74,Up,1513,291,445,48,up,784,pert
2020.12.02,291,445,48,Up,784,126,332,277,up,735,pert
2020.12.03,126,332,277,Up,735,101,246,326,down,673,gain
2020.12.04,101,246,326,down,673,304,208,365,down,877,pert
2020.12.07,304,208,365,down,877,66,69,249,down,384,pert
2020.12.08,66,69,249,down,384,217,220,452,down,889,pert
2020.12.09,217,220,452,down,889,51,609,190,up,850,gain
2020.12.10,51,609,190,Up,850,71,236,267,down,574,gain
2020.12.11,71,236,267,down,574,210,66,334,up,610,gain
2020.12.14,210,66,334,Up,610,218,73,182,up,473,pert
2020.12.15,218,73,182,Up,473,240,495,140,up,875,pert
2020.12.16,240,495,140,Up,875,88,699,45,up,832,pert
2020.12.17,88,699,45,Up,832,286,134,43,down,463,gain
2020.12.18,286,134,43,down,463,870,258,104,up,1232,gain
2020.12.21,870,258,104,Up,1232,96,818,139,down,1053,gain
2020.12.22,96,818,139,down,1053,78,242,352,up,672,gain
2020.12.23,78,242,352,Up,672,34,49,300,down,383,gain
2020.12.24,34,49,300,down,383,0,464,346,up,810,gain
2020.12.28,0,464,346,Up,810,90,322,267,up,679,pert
2020.12.30,1,490,138,Up,629,28,808,130,down,966,gain
2020.12.31,28,808,130,down,966,115,78,625,up,818,gain
2021.01.04,115,78,625,Up,818,34,499,91,up,624,pert
2021.01.05,34,499,91,Up,624,311,284,242,up,837,pert
2021.01.06,311,284,242,Up,837,258,546,185,down,989,gain
2021.01.07,258,546,185,down,989,286,495,132,down,913,pert
2021.01.08,286,495,132,down,913,174,619,169,down,962,pert
2021.01.11,174,619,169,down,962,126,564,35,up,725,gain
2021.01.12,126,564,35,Up,725,169,496,165,down,830,gain
2021.01.13,169,496,165,down,830,428,28,216,down,672,pert
2021.01.14,428,28,216,down,672,16,771,88,down,875,pert
2021.01.15,16,771,88,down,875,221,56,54,down,331,pert
2021.01.18,221,56,54,down,331,29,516,165,up,710,gain
2021.01.19,29,516,165,Up,710,279,235,301,down,815,gain
2021.01.20,279,235,301,down,815,21,597,92,up,710,gain
2021.01.21,21,597,92,Up,710,71,118,190,up,379,pert
2021.01.22,71,118,190,Up,379,253,291,129,down,673,gain
2021.01.25,253,291,129,down,673,293,221,168,up,682,gain
2021.01.26,293,221,168,Up,682,510,502,98,down,1110,gain
2021.01.27,510,502,98,down,1110,281,124,211,up,616,gain
2021.01.28,281,124,211,Up,616,265,144,205,up,614,pert
2021.01.29,265,144,205,Up,614,32,707,63,down,802,gain
2021.02.01,32,707,63,down,802,311,166,282,down,759,pert
2021.02.02,311,166,282,down,759,309,72,77,down,458,pert
2021.02.03,309,72,77,down,458,46,729,79,down,854,pert
2021.02.04,46,729,79,down,854,96,874,6,up,976,gain
2021.02.05,96,874,6,Up,976,229,67,168,up,464,pert
2021.02.08,229,67,168,Up,464,21,681,47,up,749,pert
2021.02.09,21,681,47,Up,749,84,1,267,down,352,gain
2021.02.10,84,1,267,down,352,37,131,190,up,358,gain
2021.02.11,37,131,190,Up,358,374,114,46,down,534,gain
2021.02.12,374,114,46,down,534,73,34,178,up,285,gain
2021.02.15,73,34,178,Up,285,104,218,423,down,745,gain
2021.02.16,104,218,423,down,745,140,673,42,down,855,pert
2021.02.17,140,673,42,down,855,1,557,36,up,594,gain
2021.02.18,1,557,36,Up,594,85,266,269,up,620,pert
2021.02.19,85,266,269,Up,620,219,423,140,up,782,pert
2021.02.22,219,423,140,Up,782,140,71,238,down,449,gain
2021.02.23,140,71,238,down,449,401,172,80,up,653,gain
2021.02.24,401,172,80,Up,653,77,106,689,up,872,pert
2021.02.25,77,106,689,Up,872,105,1003,98,down,1206,gain
2021.02.26,105,1003,98,down,1206,210,200,324,down,734,pert
2021.03.01,210,200,324,down,734,573,405,51,up,1029,gain
2021.03.02,573,405,51,Up,1029,198,271,234,down,703,gain
2021.03.03,198,271,234,down,703,78,933,35,down,1046,pert
2021.03.04,78,933,35,down,1046,192,560,87,down,839,pert
2021.03.05,192,560,87,down,839,18,706,155,down,879,pert
2021.03.08,18,706,155,down,879,100,545,156,up,801,gain
2021.03.09,100,545,156,Up,801,315,282,14,up,611,pert
2021.03.10,315,282,14,Up,611,125,568,49,up,742,pert
2021.03.11,125,568,49,Up,742,421,331,36,down,788,gain
2021.03.12,421,331,36,down,788,160,202,201,down,563,pert
2021.03.15,160,202,201,down,563,186,262,246,down,694,pert
2021.03.16,186,262,246,down,694,146,793,51,up,990,gain
2021.03.17,146,793,51,Up,990,73,667,88,down,828,gain
2021.03.18,73,667,88,down,828,306,90,238,down,634,pert
2021.03.19,306,90,238,down,634,84,504,135,up,723,gain
2021.03.22,84,504,135,Up,723,57,857,70,down,984,gain
2021.03.23,57,857,70,down,984,26,354,39,down,419,pert
2021.03.24,26,354,39,down,419,58,445,155,down,658,pert
2021.03.25,58,445,155,down,658,6,250,116,up,372,gain
2021.03.26,6,250,116,Up,372,34,244,51,down,329,gain
2021.03.29,34,244,51,down,329,55,471,96,down,622,pert
2021.03.30,55,471,96,down,622,129,128,300,up,557,gain
2021.03.31,129,128,300,Up,557,174,461,40,up,675,pert
2021.04.01,174,461,40,Up,675,120,152,104,down,376,gain
2021.04.02,120,152,104,down,376,161,582,71,up,814,gain
2021.04.05,161,582,71,Up,814,174,615,36,up,825,pert
2021.04.06,174,615,36,Up,825,59,62,417,down,538,gain
2021.04.07,59,62,417,down,538,61,458,149,up,668,gain
2021.04.08,61,458,149,Up,668,338,111,81,down,530,gain
2021.04.09,338,111,81,down,530,169,218,91,up,478,gain
2021.04.12,169,218,91,Up,478,318,381,86,up,785,pert
2021.04.13,318,381,86,Up,785,19,306,90,up,415,pert
2021.04.14,19,306,90,Up,415,94,126,152,down,372,gain
2021.04.15,94,126,152,down,372,150,155,140,up,445,gain
2021.04.16,150,155,140,Up,445,290,651,114,up,1055,pert
2021.04.19,290,651,114,Up,1055,119,21,434,down,574,gain
2021.04.20,119,21,434,down,574,0,0,0,NA,452,NA
2021.04.21,2,0,0,NA,452,0,205,0,NA,753,NA
2021.04.22,203,205,345,down,753,10,834,27,up,871,gain
2021.04.23,10,834,27,Up,871,228,81,248,down,557,gain
2021.04.26,228,81,248,down,557,286,38,36,up,360,gain
2021.04.27,286,38,36,Up,360,333,354,98,up,785,pert
2021.04.28,333,354,98,Up,785,166,62,253,down,481,gain
2021.04.29,166,62,253,down,481,42,982,76,down,1100,pert
2021.04.30,42,982,76,down,1100,172,328,130,up,630,gain
2021.05.03,172,328,130,Up,630,129,509,11,down,649,gain
2021.05.04,129,509,11,down,649,176,82,150,down,408,pert
2021.05.05,176,82,150,down,408,105,610,70,up,785,gain
2021.05.06,105,610,70,Up,785,117,971,95,up,1183,pert
2021.05.07,117,971,95,Up,1183,4,318,183,down,505,gain
2021.05.10,4,318,183,down,505,50,190,347,up,587,gain
2021.05.11,50,190,347,Up,587,49,767,49,down,865,gain
2021.05.12,49,767,49,down,865,209,67,270,up,546,gain
2021.05.13,209,67,270,Up,546,79,654,35,up,768,pert
2021.05.14,79,654,35,Up,768,63,188,176,up,427,pert
2021.05.17,63,188,176,Up,427,33,706,120,up,859,pert
2021.05.18,33,706,120,Up,859,145,475,233,down,853,gain
2021.05.19,145,475,233,down,853,54,525,21,up,600,gain
2021.05.20,54,525,21,Up,600,196,464,128,down,788,gain
2021.05.21,196,464,128,down,788,54,374,150,up,578,gain
2021.05.24,54,374,150,Up,578,29,351,167,up,547,pert
2021.05.25,29,351,167,Up,547,102,569,139,down,810,gain
2021.05.26,102,569,139,down,810,155,28,217,up,400,gain
2021.05.27,155,28,217,Up,400,569,36,118,down,723,gain
2021.05.28,569,36,118,down,723,160,257,64,up,481,gain
2021.05.31,160,257,64,Up,481,8,128,289,down,425,gain
2021.06.01,8,128,289,down,425,457,25,140,down,622,pert
2021.06.02,457,25,140,down,622,82,832,46,down,960,pert
2021.06.03,82,832,46,down,960,220,401,194,up,815,gain
2021.06.04,220,401,194,Up,815,147,298,125,up,570,pert
2021.06.07,147,298,125,Up,570,83,165,51,down,299,gain
2021.06.08,83,165,51,down,299,13,65,392,up,470,gain
2021.06.09,13,65,392,Up,470,319,36,163,down,518,gain
2021.06.10,319,36,163,down,518,136,688,180,down,1004,pert
2021.06.11,136,688,180,down,1004,83,175,103,up,361,gain
2021.06.14,83,175,103,Up,361,176,74,209,up,459,pert
2021.06.15,176,74,209,Up,459,3,1313,92,down,1408,gain
2021.06.16,3,1313,92,down,1408,151,870,125,down,1146,pert
2021.06.17,151,870,125,down,1146,60,459,195,down,714,pert
2021.06.18,60,459,195,down,714,73,635,27,up,735,gain
2021.06.21,73,635,27,Up,735,357,247,112,up,716,pert
2021.06.22,357,247,112,Up,716,142,118,327,down,587,gain
2021.06.23,142,118,327,down,587,79,61,248,up,388,gain
2021.06.24,79,61,248,Up,388,50,55,382,up,487,pert
2021.06.25,50,55,382,Up,487,217,74,129,down,420,gain
2021.06.29,183,270,68,down,521,108,394,136,down,638,pert
2021.06.30,108,394,136,down,638,123,62,283,down,468,pert
2021.07.01,123,62,283,down,468,420,155,97,up,672,gain
2021.07.02,420,155,97,Up,672,61,58,171,up,290,pert
2021.07.05,61,58,171,Up,290,164,388,331,down,883,gain
2021.07.06,164,388,331,down,883,86,332,127,down,545,pert
2021.07.07,86,332,127,down,545,63,550,230,up,843,gain
2021.07.08,63,550,230,Up,843,189,334,37,up,560,pert
2021.07.09,189,334,37,Up,560,245,109,87,down,441,gain
2021.07.12,245,109,87,down,441,41,828,159,down,1028,pert
2021.07.13,41,828,159,down,1028,42,597,30,up,669,gain
2021.07.14,42,597,30,Up,669,156,231,157,down,544,gain
2021.07.15,156,231,157,down,544,134,63,106,down,303,pert
2021.07.16,134,63,106,down,303,347,67,189,down,603,pert
2021.07.19,347,67,189,down,603,247,175,45,down,467,pert
2021.07.20,247,175,45,down,467,277,150,101,up,528,gain
2021.07.21,277,150,101,Up,528,132,200,396,down,728,gain
2021.07.22,132,200,396,down,728,145,16,160,down,321,pert
2021.07.23,145,16,160,down,321,42,352,144,up,538,gain
2021.07.26,42,352,144,Up,538,329,135,246,up,710,pert
2021.07.27,329,135,246,Up,710,438,282,53,up,773,pert
2021.07.28,438,282,53,Up,773,29,434,62,up,525,pert
2021.07.29,29,434,62,Up,525,213,128,229,down,570,gain
2021.07.30,213,128,229,down,570,51,47,281,up,379,gain
2021.08.02,51,47,281,Up,379,100,33,263,down,396,gain
2021.08.03,100,33,263,down,396,39,264,366,down,669,pert
2021.08.04,39,264,366,down,669,45,33,212,down,290,pert
2021.08.05,45,33,212,down,290,67,713,33,down,813,pert
2021.08.06,67,713,33,down,813,13,206,122,down,341,pert
2021.08.09,13,206,122,down,341,105,155,71,down,331,pert
2021.08.10,105,155,71,down,331,123,204,152,up,479,gain
2021.08.11,123,204,152,Up,479,59,84,102,down,245,gain
2021.08.12,59,84,102,down,245,9,672,86,up,767,gain
2021.08.13,9,672,86,Up,767,93,173,66,down,332,gain
2021.08.16,93,173,66,down,332,0,681,83,down,764,pert
2021.08.17,0,681,83,down,764,151,20,317,up,488,gain
2021.08.18,151,20,317,Up,488,99,331,89,down,519,gain
2021.08.19,99,331,89,down,519,112,244,49,up,405,gain
2021.08.20,112,244,49,Up,405,0,560,46,up,606,pert
2021.08.23,0,560,46,Up,606,176,106,95,up,377,pert
2021.08.24,176,106,95,Up,377,277,179,27,up,483,pert
2021.08.25,277,179,27,Up,483,56,191,84,down,331,gain
2021.08.26,56,191,84,down,331,165,441,71,up,677,gain
2021.08.27,165,441,71,Up,677,97,36,137,up,270,pert
2021.08.30,97,36,137,Up,270,22,122,367,up,511,pert
2021.08.31,22,122,367,Up,511,142,306,188,up,636,pert
2021.09.01,142,306,188,Up,636,30,370,15,up,415,pert
2021.09.02,30,370,15,Up,415,82,33,319,up,434,pert
2021.09.03,82,33,319,Up,434,144,67,94,down,305,gain
2021.09.06,144,67,94,down,305,29,273,177,down,479,pert
2021.09.07,29,273,177,down,479,128,206,156,down,490,pert
2021.09.08,128,206,156,down,490,72,119,169,up,360,gain
2021.09.09,72,119,169,Up,360,16,122,281,down,419,gain
2021.09.10,16,122,281,down,419,401,40,28,down,469,pert
2021.09.13,401,40,28,down,469,24,67,368,down,459,pert
2021.09.14,24,67,368,down,459,22,152,154,up,328,gain
2021.09.15,22,152,154,Up,328,146,501,53,down,700,gain
2021.09.16,146,501,53,down,700,8,425,213,down,646,pert
2021.09.17,8,425,213,down,646,253,15,91,down,359,pert
2021.09.20,253,15,91,down,359,99,4,234,up,337,gain
2021.09.21,99,4,234,Up,337,23,374,315,down,712,gain
2021.09.22,23,374,315,down,712,25,521,120,up,666,gain
2021.09.23,25,521,120,Up,666,199,173,97,down,469,gain
2021.09.24,199,173,97,down,469,104,303,0,down,407,pert
2021.09.27,104,303,0,down,407,144,114,92,down,350,pert
2021.09.28,144,114,92,down,350,75,856,76,down,1007,pert
2021.09.29,75,856,76,down,1007,143,194,134,down,471,pert
2021.09.30,143,194,134,down,471,110,187,148,up,445,gain
2021.10.01,110,187,148,Up,445,46,271,207,up,524,pert
2021.10.04,46,271,207,Up,524,166,212,32,down,410,gain
2021.10.05,166,212,32,down,410,264,403,60,down,727,pert
2021.10.06,264,403,60,down,727,53,11,185,down,249,pert
2021.10.07,53,11,185,down,249,112,210,125,up,447,gain
2021.10.08,112,210,125,Up,447,30,142,208,down,380,gain
2021.10.11,30,142,208,down,380,53,227,180,down,460,pert
2021.10.12,53,227,180,down,460,44,646,33,up,723,gain
2021.10.13,44,646,33,Up,723,65,56,286,up,407,pert
2021.10.14,65,56,286,Up,407,67,34,205,up,306,pert
2021.10.15,67,34,205,Up,306,259,121,127,up,507,pert
2021.10.18,259,121,127,Up,507,14,237,367,up,618,pert
2021.10.19,14,237,367,Up,618,134,201,81,up,416,pert
2021.10.20,134,201,81,Up,416,48,238,197,down,483,gain
2021.10.21,48,238,197,down,483,3,240,117,up,360,gain
2021.10.22,3,240,117,Up,360,174,299,270,down,743,gain
2021.10.25,174,299,270,down,743,107,119,181,down,407,pert
2021.10.26,107,119,181,down,407,107,71,231,up,409,gain
2021.10.27,107,71,231,Up,409,199,778,119,up,1096,pert
2021.10.28,199,778,119,Up,1096,267,1161,120,down,1548,gain
2021.10.29,267,1161,120,down,1548,166,415,49,up,630,gain
2021.11.01,166,415,49,Up,630,33,248,104,down,385,gain
2021.11.02,33,248,104,down,385,149,361,30,up,540,gain
2021.11.03,149,361,30,Up,540,255,571,52,down,878,gain
2021.11.04,255,571,52,down,878,403,128,65,up,596,gain
2021.11.05,403,128,65,Up,596,94,267,86,up,447,pert
2021.11.08,94,267,86,Up,447,143,89,157,up,389,pert
2021.11.09,143,89,157,Up,389,27,1125,45,down,1197,gain
2021.11.10,27,1125,45,down,1197,66,279,102,down,447,pert
2021.11.11,66,279,102,down,447,99,57,139,down,295,pert
2021.11.12,99,57,139,down,295,110,784,185,down,1079,pert
2021.11.15,110,784,185,down,1079,106,472,189,down,767,pert
2021.11.16,106,472,189,down,767,552,3,137,up,692,gain
2021.11.17,552,3,137,Up,692,39,527,37,up,603,pert
2021.11.18,39,527,37,Up,603,331,857,38,down,1226,gain
2021.11.19,331,857,38,down,1226,57,520,17,down,594,pert
2021.11.22,57,520,17,down,594,102,112,276,up,490,gain
2021.11.23,102,112,276,Up,490,121,479,93,down,693,gain
2021.11.24,121,479,93,down,693,6,123,216,up,345,gain
2021.11.25,6,123,216,Up,345,16,1155,88,up,1259,pert
2021.11.26,16,1155,88,Up,1259,318,100,110,down,528,gain
2021.11.29,318,100,110,down,528,529,497,450,up,1476,gain
2021.11.30,529,497,450,Up,1476,168,157,247,down,572,gain
2021.12.01,168,157,247,down,572,54,170,302,down,526,pert
2021.12.02,54,170,302,down,526,330,87,252,up,669,gain
2021.12.03,330,87,252,Up,669,182,148,109,down,439,gain
2021.12.06,182,148,109,down,439,397,150,162,down,709,pert
2021.12.07,397,150,162,down,709,25,759,132,up,916,gain
2021.12.08,25,759,132,Up,916,140,494,31,down,665,gain
2021.12.09,140,494,31,down,665,270,243,81,up,594,gain
2021.12.10,270,243,81,Up,594,243,235,113,down,591,gain
2021.12.13,243,235,113,down,591,46,224,430,down,700,pert
2021.12.14,46,224,430,down,700,358,344,73,up,775,gain
2021.12.15,358,344,73,Up,775,94,391,306,up,791,pert
2021.12.16,94,391,306,Up,791,28,924,193,down,1145,gain
2021.12.17,28,924,193,down,1145,15,413,271,up,699,gain
2021.12.20,15,413,271,Up,699,134,79,205,up,418,pert
2021.12.21,134,79,205,Up,418,178,438,165,up,781,pert
2021.12.22,178,438,165,Up,781,344,17,159,up,520,pert
2021.12.23,344,17,159,Up,520,153,63,175,down,391,gain
2021.12.24,153,63,175,down,391,0,241,78,up,319,gain
2021.12.27,0,241,78,Up,319,185,181,70,down,436,gain
2021.12.28,185,181,70,down,436,347,398,210,up,955,gain
2021.12.30,268,189,154,down,611,211,511,106,up,828,gain
2021.12.31,211,511,106,Up,828,176,722,85,down,983,gain
2022.01.03,176,722,85,down,983,139,99,265,down,503,pert
2022.01.04,139,99,265,down,503,87,283,331,up,701,gain
2022.01.05,87,283,331,Up,701,130,135,205,down,470,gain
2022.01.06,130,135,205,down,470,59,630,57,up,746,gain
2022.01.07,59,630,57,Up,746,399,298,49,down,746,gain
2022.01.10,399,298,49,down,746,99,436,87,up,622,gain
2022.01.11,99,436,87,Up,622,110,756,117,up,983,pert
2022.01.12,110,756,117,Up,983,45,137,278,up,460,pert
2022.01.13,45,137,278,Up,460,164,380,298,down,842,gain
2022.01.14,164,380,298,down,842,147,55,225,down,427,pert
2022.01.17,147,55,225,down,427,111,804,154,down,1069,pert
2022.01.18,111,804,154,down,1069,86,171,149,up,406,gain
2022.01.19,86,171,149,Up,406,77,285,296,down,658,gain
2022.01.20,77,285,296,down,658,82,329,176,up,587,gain
2022.01.21,82,329,176,Up,587,348,117,76,down,541,gain
2022.01.24,348,117,76,down,541,374,220,54,down,648,pert
2022.01.25,374,220,54,down,648,51,586,117,down,754,pert
2022.01.26,51,586,117,down,754,131,960,27,down,1118,pert
2022.01.27,131,960,27,down,1118,214,41,268,up,523,gain
2022.01.28,214,41,268,Up,523,28,927,144,up,1099,pert
2022.01.31,28,927,144,Up,1099,107,403,68,up,578,pert
2022.02.01,107,403,68,Up,578,48,320,266,up,634,pert
2022.02.02,48,320,266,Up,634,353,1374,121,up,1848,pert
2022.02.03,353,1374,121,Up,1848,273,125,322,up,720,pert
2022.02.04,273,125,322,Up,720,268,154,41,down,463,gain
2022.02.07,268,154,41,down,463,205,248,75,down,528,pert
2022.02.08,205,248,75,down,528,102,106,246,up,454,gain
2022.02.09,102,106,246,Up,454,462,65,675,up,1202,pert
2022.02.10,462,65,675,Up,1202,180,786,28,down,994,gain
2022.02.11,180,786,28,down,994,258,318,312,down,888,pert
2022.02.14,258,318,312,down,888,42,550,101,up,693,gain
2022.02.15,42,550,101,Up,693,120,154,233,up,507,pert
2022.02.16,120,154,233,Up,507,379,105,144,down,628,gain
2022.02.17,379,105,144,down,628,88,353,189,down,630,pert
2022.02.18,88,353,189,down,630,29,52,762,down,843,pert
2022.02.21,29,52,762,down,843,192,171,429,up,792,gain
2022.02.22,192,171,429,Up,792,39,195,342,down,576,gain
2022.02.23,39,195,342,down,576,856,1104,63,down,2023,pert
2022.02.24,856,1104,63,down,2023,249,808,19,up,1076,gain
2022.02.25,249,808,19,Up,1076,50,883,286,up,1219,pert
2022.02.28,50,883,286,Up,1219,332,948,154,down,1434,gain
2022.03.01,332,948,154,down,1434,610,64,186,down,860,pert
2022.03.02,610,64,186,down,860,327,501,45,down,873,pert
2022.03.03,327,501,45,down,873,453,1346,28,down,1827,pert
2022.03.04,453,1346,28,down,1827,473,722,69,down,1264,pert
2022.03.07,473,722,69,down,1264,40,503,569,up,1112,gain
2022.03.08,40,503,569,Up,1112,64,1790,211,up,2065,pert
2022.03.09,64,1790,211,Up,2065,101,870,484,down,1455,gain
2022.03.10,101,870,484,down,1455,116,708,589,down,1413,pert
2022.03.11,116,708,589,down,1413,151,292,491,up,934,gain
2022.03.14,151,292,491,Up,934,156,73,711,up,940,pert
2022.03.15,156,73,711,Up,940,0,819,160,up,979,pert
2022.03.16,0,819,160,Up,979,234,596,475,up,1305,pert
2022.03.17,234,596,475,Up,1305,472,387,296,down,1155,gain
2022.03.18,472,387,296,down,1155,86,316,198,down,600,pert
2022.03.21,86,316,198,down,600,566,118,164,up,848,gain
2022.03.22,566,118,164,Up,848,425,213,148,down,786,gain
2022.03.23,425,213,148,down,786,324,70,83,down,477,pert
2022.03.24,324,70,83,down,477,45,105,421,down,571,pert
2022.03.25,45,105,421,down,571,395,17,138,up,550,gain
2022.03.28,395,17,138,Up,550,144,1024,513,up,1681,pert
2022.03.29,144,1024,513,Up,1681,59,724,135,up,918,pert
2022.03.30,59,724,135,Up,918,52,914,269,down,1235,gain
2022.03.31,52,914,269,down,1235,164,209,101,down,474,pert
2022.04.01,164,209,101,down,474,107,621,207,down,935,pert
2022.04.04,107,621,207,down,935,41,647,198,down,886,pert
2022.04.05,41,647,198,down,886,215,73,352,down,640,pert
2022.04.06,215,73,352,down,640,128,179,426,down,733,pert
2022.04.07,128,179,426,down,733,383,17,157,down,557,pert
2022.04.08,383,17,157,down,557,100,330,174,down,604,pert
2022.04.11,100,330,174,down,604,53,556,210,down,819,pert
2022.04.12,53,556,210,down,819,166,646,40,up,852,gain
2022.04.13,166,646,40,Up,852,710,611,336,down,1657,gain
2022.04.14,710,611,336,down,1657,152,165,25,down,342,pert
2022.04.15,152,165,25,down,342,108,184,219,down,511,pert
2022.04.18,108,184,219,down,511,193,72,264,up,529,gain
2022.04.19,193,72,264,Up,529,49,663,128,up,840,pert
2022.04.20,49,663,128,Up,840,97,160,868,down,1125,gain
2022.04.21,97,160,868,down,1125,302,359,151,down,812,pert
2022.04.22,302,359,151,down,812,160,946,74,down,1180,pert
2022.04.25,160,946,74,down,1180,19,734,282,down,1035,pert
2022.04.26,19,734,282,down,1035,429,790,184,down,1403,pert
2022.04.27,429,790,184,down,1403,274,588,75,down,937,pert
2022.04.28,274,588,75,down,937,70,484,467,up,1021,gain
2022.04.29,70,484,467,Up,1021,170,349,260,down,779,gain
2022.05.02,170,349,260,down,779,148,132,573,up,853,gain
2022.05.03,148,132,573,Up,853,126,1033,87,up,1246,pert
2022.05.04,126,1033,87,Up,1246,482,786,223,down,1491,gain
2022.05.05,482,786,223,down,1491,585,26,548,up,1159,gain
2022.05.06,585,26,548,Up,1159,433,183,355,up,971,pert
2022.05.09,433,183,355,Up,971,24,289,281,down,594,gain
2022.05.10,24,289,281,down,594,75,189,489,down,753,pert
2022.05.11,75,189,489,down,753,239,1313,199,down,1751,pert
2022.05.12,239,1313,199,down,1751,285,298,119,up,702,gain
2022.05.13,285,298,119,Up,702,72,352,119,up,543,pert
2022.05.16,72,352,119,Up,543,34,1155,95,up,1284,pert
2022.05.17,34,1155,95,Up,1284,10,856,174,down,1040,gain
2022.05.18,10,856,174,down,1040,19,1245,219,up,1483,gain
2022.05.19,19,1245,219,Up,1483,254,234,174,down,662,gain
2022.05.20,254,234,174,down,662,40,1280,94,up,1414,gain
2022.05.23,40,1280,94,Up,1414,267,455,156,up,878,pert
2022.05.24,267,455,156,Up,878,372,539,53,down,964,gain
2022.05.25,372,539,53,down,964,148,464,71,up,683,gain
2022.05.26,148,464,71,Up,683,265,70,342,up,677,pert
2022.05.27,265,70,342,Up,677,83,454,89,up,626,pert
2022.05.30,83,454,89,Up,626,535,430,32,down,997,gain
2022.05.31,535,430,32,down,997,212,836,70,down,1118,pert
2022.06.01,212,836,70,down,1118,48,1010,36,up,1094,gain
2022.06.02,48,1010,36,Up,1094,126,278,195,down,599,gain
2022.06.03,126,278,195,down,599,114,191,370,down,675,pert
2022.06.06,114,191,370,down,675,427,99,94,up,620,gain
2022.06.07,427,99,94,Up,620,321,121,328,up,770,pert
2022.06.08,321,121,328,Up,770,52,995,585,down,1632,gain
2022.06.09,52,995,585,down,1632,147,935,282,down,1364,pert
2022.06.10,147,935,282,down,1364,80,1061,58,down,1199,pert
2022.06.13,80,1061,58,down,1199,109,73,697,up,879,gain
2022.06.14,109,73,697,Up,879,549,290,646,up,1485,pert
2022.06.15,549,290,646,Up,1485,601,1071,526,up,2198,pert
2022.06.16,601,1071,526,Up,2198,515,492,148,down,1155,gain
2022.06.17,515,492,148,down,1155,20,357,353,up,730,gain
2022.06.20,20,357,353,Up,730,51,214,506,up,771,pert
2022.06.21,51,214,506,Up,771,608,379,376,up,1363,pert
2022.06.22,608,379,376,Up,1363,388,416,181,down,985,gain
2022.06.23,388,416,181,down,985,106,309,177,up,592,gain
2022.06.24,106,309,177,Up,592,0,373,320,up,693,pert
2022.06.27,0,373,320,Up,693,147,637,241,down,1025,gain
2022.06.29,59,759,183,down,1001,571,433,64,up,1068,gain
2022.06.30,571,433,64,Up,1068,604,565,28,down,1197,gain
2022.07.01,604,565,28,down,1197,0,75,406,up,481,gain
2022.07.04,0,75,406,Up,481,307,1542,290,down,2139,gain
2022.07.05,307,1542,290,down,2139,192,831,128,down,1151,pert
2022.07.06,192,831,128,down,1151,146,210,416,down,772,pert
2022.07.07,146,210,416,down,772,847,267,81,up,1195,gain
2022.07.08,847,267,81,Up,1195,59,1300,135,down,1494,gain
2022.07.11,59,1300,135,down,1494,369,31,343,down,743,pert
2022.07.12,369,31,343,down,743,369,228,648,up,1245,gain
2022.07.13,369,228,648,Up,1245,656,373,47,down,1076,gain
2022.07.14,656,373,47,down,1076,84,700,127,up,911,gain
2022.07.15,84,700,127,Up,911,82,602,596,up,1280,pert
2022.07.18,82,602,596,Up,1280,215,839,447,up,1501,pert
2022.07.19,215,839,447,Up,1501,251,442,484,down,1177,gain
2022.07.20,251,442,484,down,1177,231,534,483,up,1248,gain
2022.07.21,231,534,483,Up,1248,810,173,271,down,1254,gain
2022.07.22,810,173,271,down,1254,331,72,392,up,795,gain
2022.07.25,331,72,392,Up,795,78,1030,317,down,1425,gain
2022.07.26,78,1030,317,down,1425,170,841,235,up,1246,gain
2022.07.27,170,841,235,Up,1246,821,40,341,down,1202,gain
2022.07.28,821,40,341,down,1202,495,302,284,up,1081,gain
2022.07.29,495,302,284,Up,1081,23,542,135,up,700,pert
2022.08.01,23,542,135,Up,700,25,948,333,down,1306,gain
2022.08.02,25,948,333,down,1306,424,8,443,up,875,gain
2022.08.03,424,8,443,Up,875,133,775,92,up,1000,pert
2022.08.04,133,775,92,Up,1000,360,661,81,down,1102,gain
2022.08.05,360,661,81,down,1102,117,232,276,up,625,gain
2022.08.08,117,232,276,Up,625,61,181,349,up,591,pert
2022.08.09,61,181,349,Up,591,101,866,700,up,1667,pert
2022.08.10,101,866,700,Up,1667,226,211,451,up,888,pert
2022.08.11,226,211,451,Up,888,175,614,99,down,888,gain
2022.08.12,175,614,99,down,888,52,949,139,down,1140,pert
2022.08.15,52,949,139,down,1140,355,123,247,up,725,gain
2022.08.16,355,123,247,Up,725,241,109,224,up,574,pert
2022.08.17,241,109,224,Up,574,83,901,154,down,1138,gain
2022.08.18,83,901,154,down,1138,72,473,89,down,634,pert
2022.08.19,72,473,89,down,634,167,918,118,down,1203,pert
2022.08.22,167,918,118,down,1203,419,272,484,up,1175,gain
2022.08.23,419,272,484,Up,1175,561,20,308,down,889,gain
2022.08.24,561,20,308,down,889,149,103,591,up,843,gain
2022.08.25,149,103,591,Up,843,181,78,1177,down,1436,gain
2022.08.26,181,78,1177,down,1436,502,327,321,up,1150,gain
2022.08.29,502,327,321,Up,1150,107,210,412,up,729,pert
2022.08.30,107,210,412,Up,729,408,423,245,up,1076,pert
2022.08.31,408,423,245,Up,1076,332,1068,35,down,1435,gain
2022.09.01,332,1068,35,down,1435,38,129,767,up,934,gain
2022.09.02,38,129,767,Up,934,504,28,133,up,665,pert
2022.09.05,504,28,133,Up,665,391,214,620,down,1225,gain
2022.09.06,391,214,620,down,1225,275,1026,50,up,1351,gain
2022.09.07,275,1026,50,Up,1351,661,14,317,up,992,pert
2022.09.08,661,14,317,Up,992,68,472,679,up,1219,pert
2022.09.09,68,472,679,Up,1219,420,194,768,up,1382,pert
2022.09.12,420,194,768,Up,1382,23,1521,666,down,2210,gain
2022.09.13,23,1521,666,down,2210,123,140,422,up,685,gain
2022.09.14,123,140,422,Up,685,225,185,215,up,625,pert
2022.09.15,225,185,215,Up,625,531,154,238,up,923,pert
2022.09.16,531,154,238,Up,923,384,197,51,up,632,pert
2022.09.19,384,197,51,Up,632,162,486,309,down,957,gain
2022.09.20,162,486,309,down,957,245,1325,56,down,1626,pert
2022.09.21,245,1325,56,down,1626,287,33,679,up,999,gain
2022.09.22,287,33,679,Up,999,202,1403,237,down,1842,gain
2022.09.23,202,1403,237,down,1842,563,627,376,down,1566,pert
2022.09.26,563,627,376,down,1566,233,160,627,down,1020,pert
2022.09.27,233,160,627,down,1020,566,1424,162,up,2152,gain
2022.09.28,566,1424,162,Up,2152,960,832,4,up,1796,pert
2022.09.29,960,832,4,Up,1796,642,154,395,down,1191,gain
2022.09.30,642,154,395,down,1191,221,499,201,up,921,gain
2022.10.03,221,499,201,Up,921,179,1603,154,up,1936,pert
2022.10.04,179,1603,154,Up,1936,407,1083,114,down,1604,gain
2022.10.05,407,1083,114,down,1604,30,836,516,down,1382,pert
2022.10.06,30,836,516,down,1382,122,498,289,down,909,pert
2022.10.07,122,498,289,down,909,210,283,221,down,714,pert
2022.10.10,210,283,221,down,714,299,70,672,up,1041,gain
2022.10.11,299,70,672,Up,1041,345,27,293,down,665,gain
2022.10.12,345,27,293,down,665,696,764,287,up,1747,gain
2022.10.13,696,764,287,Up,1747,164,483,365,down,1012,gain
2022.10.14,164,483,365,down,1012,8,1224,114,up,1346,gain
2022.10.17,8,1224,114,Up,1346,260,189,181,up,630,pert
2022.10.18,260,189,181,Up,630,148,823,179,down,1150,gain
2022.10.19,148,823,179,down,1150,169,149,594,up,912,gain
2022.10.20,169,149,594,Up,912,793,783,66,up,1642,pert
2022.10.21,793,783,66,Up,1642,549,118,255,up,922,pert
2022.10.24,549,118,255,Up,922,230,932,125,up,1287,pert
2022.10.26,187,1206,63,Up,1456,60,1112,187,down,1359,gain
2022.10.27,60,1112,187,down,1359,366,26,324,up,716,gain
2022.10.28,366,26,324,Up,716,116,727,105,down,948,gain
2022.11.01,217,79,713,down,1009,41,572,1020,down,1633,pert
2022.11.02,41,572,1020,down,1633,189,658,249,down,1096,pert
2022.11.03,189,658,249,down,1096,71,2102,73,up,2246,gain
2022.11.04,71,2102,73,Up,2246,20,1210,124,up,1354,pert
2022.11.07,20,1210,124,Up,1354,452,560,235,up,1247,pert
2022.11.08,452,560,235,Up,1247,193,595,167,down,955,gain
2022.11.09,193,595,167,down,955,739,1999,127,up,2865,gain
2022.11.10,739,1999,127,Up,2865,433,1468,112,up,2013,pert
2022.11.11,433,1468,112,Up,2013,546,133,195,down,874,gain
2022.11.14,546,133,195,down,874,455,226,1337,up,2018,gain
2022.11.15,455,226,1337,Up,2018,161,475,446,up,1082,pert
2022.11.16,161,475,446,Up,1082,583,297,134,down,1014,gain
2022.11.17,583,297,134,down,1014,66,383,377,down,826,pert
2022.11.18,66,383,377,down,826,178,789,137,down,1104,pert
2022.11.21,178,789,137,down,1104,9,651,47,up,707,gain
2022.11.22,9,651,47,Up,707,49,929,111,up,1089,pert
2022.11.23,49,929,111,Up,1089,122,173,371,up,666,pert
2022.11.24,122,173,371,Up,666,391,128,226,down,745,gain
2022.11.25,391,128,226,down,745,79,283,1305,down,1667,pert
2022.11.28,79,283,1305,down,1667,88,81,573,down,742,pert
2022.11.29,88,81,573,down,742,377,779,233,up,1389,gain
2022.11.30,377,779,233,Up,1389,150,1167,88,up,1405,pert
2022.12.01,150,1167,88,Up,1405,913,213,42,up,1168,pert
2022.12.02,913,213,42,Up,1168,105,398,644,down,1147,gain
2022.12.05,105,398,644,down,1147,49,272,415,down,736,pert
2022.12.06,49,272,415,down,736,210,395,462,up,1067,gain
2022.12.07,210,395,462,Up,1067,136,492,128,up,756,pert
2022.12.08,136,492,128,Up,756,291,202,345,down,838,gain
2022.12.09,291,202,345,down,838,218,102,425,up,745,gain
2022.12.12,218,102,425,Up,745,71,968,415,up,1454,pert
2022.12.13,71,968,415,Up,1454,129,500,132,up,761,pert
2022.12.14,129,500,132,Up,761,337,552,552,down,1441,gain
2022.12.15,337,552,552,down,1441,42,345,395,down,782,pert
2022.12.16,42,345,395,down,782,56,252,516,up,824,gain
2022.12.19,56,252,516,Up,824,243,187,369,up,799,pert
2022.12.20,243,187,369,Up,799,136,192,219,down,547,gain
2022.12.21,136,192,219,down,547,238,57,567,down,862,pert
2022.12.22,238,57,567,down,862,83,215,167,up,465,gain
2022.12.23,83,215,167,Up,465,141,70,14,up,225,pert
2022.12.26,141,70,14,Up,225,240,34,306,up,580,pert
2022.12.27,240,34,306,Up,580,52,274,355,down,681,gain
2022.12.28,52,274,355,down,681,36,519,294,up,849,gain
2018.12.28,49,89,325,Up,463,127,221,97,up,445,pert
2018.12.31,127,221,97,Up,445,190,1017,513,down,1720,gain
2019.01.02,190,1017,513,down,1720,348,493,178,up,1019,gain
2019.01.03,348,493,178,Up,1019,470,32,232,up,734,pert
2019.01.04,470,32,232,Up,734,5,782,82,up,869,pert
2019.01.07,5,782,82,Up,869,190,331,104,down,625,gain
2019.01.08,190,331,104,down,625,39,1006,163,up,1208,gain
2019.01.09,39,1006,163,Up,1208,150,422,282,down,854,gain
2019.01.10,150,422,282,down,854,50,372,402,down,824,pert
2019.01.11,50,372,402,down,824,68,109,138,up,315,gain
2019.01.14,68,109,138,Up,315,311,554,215,down,1080,gain
2019.01.15,311,554,215,down,1080,139,202,130,down,471,pert
2019.01.16,139,202,130,down,471,182,30,147,down,359,pert
2019.01.17,182,30,147,down,359,127,223,221,down,571,pert
2019.01.18,127,223,221,down,571,24,70,250,up,344,gain
2019.01.21,24,70,250,Up,344,238,46,95,down,379,gain
2019.01.22,238,46,95,down,379,88,214,133,up,435,gain
2019.01.23,88,214,133,Up,435,142,765,115,down,1022,gain
2019.01.24,142,765,115,down,1022,68,986,121,up,1175,gain
2019.01.25,68,986,121,Up,1175,109,256,170,up,535,pert
2019.01.28,109,256,170,Up,535,145,67,178,up,390,pert
2019.01.29,145,67,178,Up,390,258,464,234,up,956,pert
2019.01.30,258,464,234,Up,956,108,328,350,down,786,gain
2019.01.31,108,328,350,down,786,129,61,351,up,541,gain
2019.02.01,129,61,351,Up,541,111,156,94,down,361,gain
2019.02.04,111,156,94,down,361,36,308,50,down,394,pert
2019.02.05,36,308,50,down,394,3,431,53,down,487,pert
2019.02.06,3,431,53,down,487,143,227,68,down,438,pert
2019.02.07,143,227,68,down,438,11,157,131,down,299,pert
2019.02.08,11,157,131,down,299,73,448,100,down,621,pert
2019.02.11,73,448,100,down,621,170,503,146,up,819,gain
2019.02.12,170,503,146,Up,819,0,666,149,down,815,gain
2019.02.13,0,666,149,down,815,121,330,156,up,607,gain
2019.02.14,121,330,156,Up,607,569,45,108,down,722,gain
2019.02.15,569,45,108,down,722,31,164,254,up,449,gain
2019.02.18,31,164,254,Up,449,337,307,177,up,821,pert
2019.02.19,337,307,177,Up,821,108,48,308,down,464,gain
2019.02.20,108,48,308,down,464,133,38,292,down,463,pert
2019.02.21,133,38,292,down,463,146,16,233,down,395,pert
2019.02.22,146,16,233,down,395,62,228,111,up,401,gain
2019.02.25,62,228,111,Up,401,117,316,144,up,577,pert
2019.02.26,117,316,144,Up,577,66,202,145,down,413,gain
2019.02.27,66,202,145,down,413,102,4,496,up,602,gain
2019.02.28,102,4,496,Up,602,97,71,384,down,552,gain
2019.03.01,97,71,384,down,552,299,348,76,down,723,pert
2019.03.04,299,348,76,down,723,177,324,13,down,514,pert
2019.03.05,177,324,13,down,514,201,14,176,down,391,pert
2019.03.06,201,14,176,down,391,167,1135,140,down,1442,pert
2019.03.07,167,1135,140,down,1442,81,395,133,up,609,gain
2019.03.08,81,395,133,Up,609,131,140,95,up,366,pert
2019.03.11,131,140,95,Up,366,15,393,169,up,577,pert
2019.03.12,15,393,169,Up,577,107,424,82,up,613,pert
2019.03.13,107,424,82,Up,613,105,257,72,down,434,gain
2019.03.14,105,257,72,down,434,44,197,202,up,443,gain
2019.03.15,44,197,202,Up,443,44,119,237,up,400,pert
2019.03.18,44,119,237,Up,400,16,144,120,up,280,pert
2019.03.19,16,144,120,Up,280,141,747,239,up,1127,pert
2019.03.20,141,747,239,Up,1127,307,511,131,down,949,gain
2019.03.21,307,511,131,down,949,277,721,176,down,1174,pert
2019.03.22,277,721,176,down,1174,49,191,185,up,425,gain
2019.03.25,49,191,185,Up,425,72,426,131,down,629,gain
2019.03.26,72,426,131,down,629,90,190,154,down,434,pert
2019.03.27,90,190,154,down,434,127,249,101,down,477,pert
2019.03.28,127,249,101,down,477,72,95,202,down,369,pert
2019.03.29,72,95,202,down,369,81,141,238,down,460,pert
2019.04.01,81,141,238,down,460,200,88,36,down,324,pert
2019.04.02,200,88,36,down,324,42,275,231,up,548,gain
2019.04.03,42,275,231,Up,548,135,133,148,down,416,gain
2019.04.04,135,133,148,down,416,56,48,276,down,380,pert
2019.04.05,56,48,276,down,380,38,470,132,up,640,gain
2019.04.08,38,470,132,Up,640,41,22,229,up,292,pert
2019.04.09,41,22,229,Up,292,325,99,148,up,572,pert
2019.04.10,325,99,148,Up,572,12,232,131,down,375,gain
2019.04.11,12,232,131,down,375,34,443,254,up,731,gain
2019.04.12,34,443,254,Up,731,51,9,173,down,233,gain
2019.04.15,51,9,173,down,233,6,237,99,down,342,pert
2019.04.16,6,237,99,down,342,17,146,288,up,451,gain
2019.04.17,17,146,288,Up,451,47,681,51,down,779,gain
2019.04.18,47,681,51,down,779,38,82,85,up,205,gain
2019.04.19,38,82,85,Up,205,42,164,56,up,262,pert
2019.04.22,42,164,56,Up,262,344,305,42,down,691,gain
2019.04.23,344,305,42,down,691,123,746,0,down,869,pert
2019.04.24,123,746,0,down,869,140,203,104,down,447,pert
2019.04.25,140,203,104,down,447,217,98,315,up,630,gain
2019.04.26,217,98,315,Up,630,0,462,12,up,474,pert
2019.04.29,0,462,12,Up,474,88,299,146,up,533,pert
2019.04.30,88,299,146,Up,533,74,207,496,down,777,gain
2019.05.01,74,207,496,down,777,6,233,245,down,484,pert
2019.05.02,6,233,245,down,484,364,311,24,up,699,gain
2019.05.03,364,311,24,Up,699,37,271,112,up,420,pert
2019.05.06,37,271,112,Up,420,244,79,191,down,514,gain
2019.05.07,244,79,191,down,514,81,10,220,down,311,pert
2019.05.08,81,10,220,down,311,186,212,377,up,775,gain
2019.05.09,186,212,377,Up,775,0,218,199,up,417,pert
2019.05.10,0,218,199,Up,417,0,88,335,down,423,gain
2019.05.13,0,88,335,down,423,20,212,196,down,428,pert
2019.05.14,20,212,196,down,428,224,29,213,down,466,pert
2019.05.15,224,29,213,down,466,76,279,223,down,578,pert
2019.05.16,76,279,223,down,578,17,158,116,down,291,pert
2019.05.17,17,158,116,down,291,97,50,94,up,241,gain
2019.05.20,97,50,94,Up,241,182,51,227,down,460,gain
2019.05.21,182,51,227,down,460,11,118,187,down,316,pert
2019.05.22,11,118,187,down,316,433,308,64,up,805,gain
2019.05.23,433,308,64,Up,805,105,227,74,up,406,pert
2019.05.24,105,227,74,Up,406,43,186,56,down,285,gain
2019.05.27,43,186,56,down,285,5,316,102,down,423,pert
2019.05.28,5,316,102,down,423,62,292,127,down,481,pert
2019.05.29,62,292,127,down,481,126,23,124,down,273,pert
2019.05.30,126,23,124,down,273,39,389,119,up,547,gain
2019.05.31,39,389,119,Up,547,48,762,210,up,1020,pert
2019.06.03,48,762,210,Up,1020,144,100,262,up,506,pert
2019.06.04,144,100,262,Up,506,6,314,547,down,867,gain
2019.06.05,6,314,547,down,867,201,546,337,up,1084,gain
2019.06.06,201,546,337,Up,1084,240,573,152,up,965,pert
2019.06.07,240,573,152,Up,965,213,114,77,down,404,gain
2019.06.10,213,114,77,down,404,98,145,118,up,361,gain
2019.06.11,98,145,118,Up,361,46,387,177,down,610,gain
2019.06.12,46,387,177,down,610,82,104,168,down,354,pert
2019.06.13,82,104,168,down,354,83,658,127,down,868,pert
2019.06.14,83,658,127,down,868,55,90,289,up,434,gain
2019.06.17,55,90,289,Up,434,127,235,254,down,616,gain
2019.06.18,127,235,254,down,616,58,333,279,up,670,gain
2019.06.19,58,333,279,Up,670,3,661,257,up,921,pert
2019.06.20,3,661,257,Up,921,86,786,74,up,946,pert
2019.06.21,86,786,74,Up,946,42,282,58,up,382,pert
2019.06.24,42,282,58,Up,382,218,324,137,down,679,gain
2019.06.25,218,324,137,down,679,195,18,226,up,439,gain
2019.06.26,195,18,226,Up,439,210,5,122,up,337,pert
2019.06.27,210,5,122,Up,337,187,5,238,up,430,pert
2019.06.28,187,5,238,Up,430,45,819,37,down,901,gain
2019.07.01,45,819,37,down,901,102,7,355,up,464,gain
2019.07.02,102,7,355,Up,464,92,73,264,down,429,gain
2019.07.03,92,73,264,down,429,50,70,100,up,220,gain
2019.07.04,50,70,100,Up,220,178,589,37,down,804,gain
2019.07.05,178,589,37,down,804,73,98,103,down,274,pert
2019.07.08,73,98,103,down,274,146,63,46,down,255,pert
2019.07.09,146,63,46,down,255,58,427,139,up,624,gain
2019.07.10,58,427,139,Up,624,52,29,325,up,406,pert
2019.07.11,52,29,325,Up,406,149,167,49,up,365,pert
2019.07.12,149,167,49,Up,365,46,77,184,down,307,gain
2019.07.15,46,77,184,down,307,85,471,60,down,616,pert
2019.07.16,85,471,60,down,616,105,140,94,up,339,gain
2019.07.17,105,140,94,Up,339,186,528,39,up,753,pert
2019.07.18,186,528,39,Up,753,161,572,54,down,787,gain
2019.07.19,161,572,54,down,787,32,46,112,down,190,pert
2019.07.22,32,46,112,down,190,59,576,3,down,638,pert
2019.07.23,59,576,3,down,638,130,117,41,down,288,pert
2019.07.24,130,117,41,down,288,387,67,410,up,864,gain
2019.07.25,387,67,410,Up,864,152,194,45,down,391,gain
2019.07.26,152,194,45,down,391,124,190,66,up,380,gain
2019.07.29,124,190,66,Up,380,122,102,64,up,288,pert
2019.07.30,122,102,64,Up,288,148,799,72,down,1019,gain
2019.07.31,148,799,72,down,1019,480,98,110,up,688,gain
2019.08.01,480,98,110,Up,688,150,201,113,up,464,pert
2019.08.02,150,201,113,Up,464,5,1001,98,up,1104,pert
2019.08.05,5,1001,98,Up,1104,307,54,461,down,822,gain
2019.08.06,307,54,461,down,822,190,2,437,up,629,gain
2019.08.07,190,2,437,Up,629,33,179,347,down,559,gain
2019.08.08,33,179,347,down,559,9,196,231,up,436,gain
2019.08.09,9,196,231,Up,436,358,154,175,up,687,pert
2019.08.12,358,154,175,Up,687,9,420,157,down,586,gain
2019.08.13,9,420,157,down,586,72,333,197,down,602,pert
2019.08.14,72,333,197,down,602,151,315,204,down,670,pert
2019.08.15,151,315,204,down,670,230,172,56,down,458,pert
2019.08.16,230,172,56,down,458,18,146,213,down,377,pert
2019.08.19,18,146,213,down,377,119,225,69,up,413,gain
2019.08.20,119,225,69,Up,413,45,144,81,down,270,gain
2019.08.21,45,144,81,down,270,164,45,287,down,496,pert
2019.08.22,164,45,287,down,496,283,588,145,up,1016,gain
2019.08.23,283,588,145,Up,1016,76,478,143,down,697,gain
2019.08.26,76,478,143,down,697,45,117,140,down,302,pert
2019.08.27,45,117,140,down,302,38,131,77,down,246,pert
2019.08.28,38,131,77,down,246,143,207,162,down,512,pert
2019.08.29,143,207,162,down,512,263,670,39,down,972,pert
2019.08.30,263,670,39,down,972,117,203,66,down,386,pert
2019.09.02,117,203,66,down,386,401,75,54,up,530,gain
2019.09.03,401,75,54,Up,530,53,611,35,up,699,pert
2019.09.04,53,611,35,Up,699,173,8,498,down,679,gain
2019.09.05,173,8,498,down,679,43,95,231,down,369,pert
2019.09.06,43,95,231,down,369,102,221,203,up,526,gain
2019.09.09,102,221,203,Up,526,128,42,119,down,289,gain
2019.09.10,128,42,119,down,289,251,328,125,down,704,pert
2019.09.11,251,328,125,down,704,835,541,227,up,1603,gain
2019.09.12,835,541,227,Up,1603,90,54,397,up,541,pert
2019.09.13,90,54,397,Up,541,71,717,143,down,931,gain
2019.09.16,71,717,143,down,931,96,727,20,up,843,gain
2019.09.17,96,727,20,Up,843,163,424,33,down,620,gain
2019.09.18,163,424,33,down,620,71,110,326,up,507,gain
2019.09.19,71,110,326,Up,507,225,221,267,down,713,gain
2019.09.20,225,221,267,down,713,265,195,133,down,593,pert
2019.09.23,265,195,133,down,593,90,266,46,up,402,gain
2019.09.24,90,266,46,Up,402,46,773,36,down,855,gain
2019.09.25,46,773,36,down,855,111,217,258,down,586,pert
2019.09.26,111,217,258,down,586,163,210,175,up,548,gain
2019.09.27,163,210,175,Up,548,145,412,73,down,630,gain
2019.09.30,145,412,73,down,630,201,326,110,up,637,gain
2019.10.01,201,326,110,Up,637,269,279,45,up,593,pert
2019.10.02,269,279,45,Up,593,175,46,362,up,583,pert
2019.10.03,175,46,362,Up,583,61,142,211,up,414,pert
2019.10.04,61,142,211,Up,414,86,86,216,down,388,gain
2019.10.07,86,86,216,down,388,149,143,256,down,548,pert
2019.10.08,149,143,256,down,548,46,150,191,up,387,gain
2019.10.09,46,150,191,Up,387,7,346,288,up,641,pert
2019.10.10,7,346,288,Up,641,41,311,267,up,619,pert
2019.10.11,41,311,267,Up,619,125,63,113,down,301,gain
2019.10.14,125,63,113,down,301,340,68,140,up,548,gain
2019.10.15,340,68,140,Up,548,94,391,144,up,629,pert
2019.10.16,94,391,144,Up,629,60,524,164,up,748,pert
2019.10.17,60,524,164,Up,748,90,453,13,up,556,pert
2019.10.18,90,453,13,Up,556,100,117,189,down,406,gain
2019.10.21,100,117,189,down,406,67,244,81,down,392,pert
2019.10.22,67,244,81,down,392,181,55,105,up,341,gain
2019.10.23,181,55,105,Up,341,107,259,330,down,696,gain
2019.10.24,107,259,330,down,696,65,242,192,down,499,pert
2019.10.25,65,242,192,down,499,28,206,71,up,305,gain
2019.10.28,28,206,71,Up,305,259,124,66,up,449,pert
2019.10.29,259,124,66,Up,449,317,399,17,up,733,pert
2019.10.30,317,399,17,Up,733,200,2,240,down,442,gain
2019.10.31,200,2,240,down,442,233,134,70,up,437,gain
2019.11.01,233,134,70,Up,437,25,415,66,down,506,gain
2019.11.04,25,415,66,down,506,108,527,132,down,767,pert
2019.11.05,108,527,132,down,767,9,84,185,down,278,pert
2019.11.06,9,84,185,down,278,136,161,257,down,554,pert
2019.11.07,136,161,257,down,554,23,303,61,down,387,pert
2019.11.08,23,303,61,down,387,21,138,107,up,266,gain
2019.11.11,21,138,107,Up,266,63,235,62,down,360,gain
2019.11.12,63,235,62,down,360,100,36,113,down,249,pert
2019.11.13,100,36,113,down,249,162,160,61,up,383,gain
2019.11.14,162,160,61,Up,383,67,303,52,up,422,pert
2019.11.15,67,303,52,Up,422,33,208,181,up,422,pert
2019.11.18,33,208,181,Up,422,94,62,58,up,214,pert
2019.11.19,94,62,58,Up,214,193,54,36,down,283,gain
2019.11.20,193,54,36,down,283,60,142,246,down,448,pert
2019.11.21,60,142,246,down,448,38,398,295,down,731,pert
2019.11.22,38,398,295,down,731,91,25,169,down,285,pert
2019.11.25,91,25,169,down,285,57,65,61,up,183,gain
2019.11.26,57,65,61,Up,183,66,205,52,down,323,gain
2019.11.27,66,205,52,down,323,1,88,103,up,192,gain
2019.11.28,1,88,103,Up,192,261,81,130,up,472,pert
2019.11.29,261,81,130,Up,472,212,543,126,up,881,pert
2019.12.02,212,543,126,Up,881,124,27,125,up,276,pert
2019.12.03,124,27,125,Up,276,108,34,352,down,494,gain
2019.12.04,108,34,352,down,494,1,270,37,up,308,gain
2019.12.05,1,270,37,Up,308,199,447,55,down,701,gain
2019.12.06,199,447,55,down,701,41,61,144,up,246,gain
2019.12.09,41,61,144,Up,246,8,284,57,up,349,pert
2019.12.10,8,284,57,Up,349,213,380,153,up,746,pert
2019.12.11,213,380,153,Up,746,256,8,247,down,511,gain
2019.12.12,256,8,247,down,511,141,121,699,down,961,pert
2019.12.13,141,121,699,down,961,33,175,146,up,354,gain
2019.12.16,33,175,146,Up,354,144,52,258,up,454,pert
2019.12.17,144,52,258,Up,454,25,356,58,down,439,gain
2019.12.18,25,356,58,down,439,54,78,238,up,370,gain
2019.12.19,54,78,238,Up,370,89,450,45,down,584,gain
2019.12.20,89,450,45,down,584,52,145,63,up,260,gain
2019.12.23,52,145,63,Up,260,161,44,44,down,249,gain
2019.12.24,161,44,44,down,249,80,74,114,up,268,gain
2019.12.26,80,74,114,Up,268,33,787,122,up,942,pert
2017.12.28,1,557,167,Up,725,60,623,210,up,893,pert
2017.12.29,60,623,210,Up,893,81,491,233,up,805,pert
2018.01.02,81,491,233,Up,805,132,437,82,down,651,gain
2018.01.03,132,437,82,down,651,99,536,211,up,846,gain
2018.01.04,99,536,211,Up,846,92,380,150,down,622,gain
2018.01.05,92,380,150,down,622,113,599,255,down,967,pert
2018.01.08,113,599,255,down,967,209,305,87,down,601,pert
2018.01.09,209,305,87,down,601,132,110,707,up,949,gain
2018.01.10,132,110,707,Up,949,181,840,274,up,1295,pert
2018.01.11,181,840,274,Up,1295,6,1686,185,up,1877,pert
2018.01.12,6,1686,185,Up,1877,57,694,339,up,1090,pert
2018.01.15,57,694,339,Up,1090,644,31,208,down,883,gain
2018.01.16,644,31,208,down,883,74,752,636,down,1462,pert
2018.01.17,74,752,636,down,1462,191,526,279,up,996,gain
2018.01.18,191,526,279,Up,996,75,145,585,down,805,gain
2018.01.19,75,145,585,down,805,476,83,10,down,569,pert
2018.01.22,476,83,10,down,569,385,368,79,up,832,gain
2018.01.23,385,368,79,Up,832,67,1091,79,up,1237,pert
2018.01.24,67,1091,79,Up,1237,288,144,1308,down,1740,gain
2018.01.25,288,144,1308,down,1740,227,338,674,up,1239,gain
2018.01.26,227,338,674,Up,1239,445,446,62,down,953,gain
2018.01.29,445,446,62,down,953,465,208,519,up,1192,gain
2018.01.30,465,208,519,Up,1192,147,115,616,up,878,pert
2018.01.31,147,115,616,Up,878,278,946,142,up,1366,pert
2018.02.01,278,946,142,Up,1366,469,513,108,down,1090,gain
2018.02.02,469,513,108,down,1090,40,679,405,down,1124,pert
2018.02.05,40,679,405,down,1124,519,110,578,up,1207,gain
2018.02.06,519,110,578,Up,1207,170,1141,292,down,1603,gain
2018.02.07,170,1141,292,down,1603,346,153,328,down,827,pert
2018.02.08,346,153,328,down,827,413,31,375,up,819,gain
2018.02.09,413,31,375,Up,819,92,464,67,up,623,pert
2018.02.12,92,464,67,Up,623,61,595,209,up,865,pert
2018.02.13,61,595,209,Up,865,739,997,157,up,1893,pert
2018.02.14,739,997,157,Up,1893,11,571,40,up,622,pert
2018.02.15,11,571,40,Up,622,171,957,492,down,1620,gain
2018.02.16,171,957,492,down,1620,317,62,282,up,661,gain
2018.02.19,317,62,282,Up,661,171,701,55,down,927,gain
2018.02.20,171,701,55,down,927,12,545,231,down,788,pert
2018.02.21,12,545,231,down,788,224,473,229,up,926,gain
2018.02.22,224,473,229,Up,926,137,357,77,down,571,gain
2018.02.23,137,357,77,down,571,151,237,383,up,771,gain
2018.02.26,151,237,383,Up,771,110,842,297,down,1249,gain
2018.02.27,110,842,297,down,1249,51,396,91,down,538,pert
2018.02.28,51,396,91,down,538,378,727,82,up,1187,gain
2018.03.01,378,727,82,Up,1187,137,533,175,up,845,pert
2018.03.02,137,533,175,Up,845,636,29,292,up,957,pert
2018.03.05,636,29,292,Up,957,73,680,168,up,921,pert
2018.03.06,73,680,168,Up,921,185,74,341,up,600,pert
2018.03.07,185,74,341,Up,600,124,1004,355,down,1483,gain
2018.03.08,124,1004,355,down,1483,323,49,240,down,612,pert
2018.03.09,323,49,240,down,612,193,250,110,up,553,gain
2018.03.12,193,250,110,Up,553,199,567,163,up,929,pert
2018.03.13,199,567,163,Up,929,209,231,214,down,654,gain
2018.03.14,209,231,214,down,654,41,634,158,down,833,pert
2018.03.15,41,634,158,down,833,289,157,316,down,762,pert
2018.03.16,289,157,316,down,762,292,469,247,up,1008,gain
2018.03.19,292,469,247,Up,1008,39,906,206,down,1151,gain
2018.03.20,39,906,206,down,1151,18,950,113,up,1081,gain
2018.03.21,18,950,113,Up,1081,206,329,500,down,1035,gain
2018.03.22,206,329,500,down,1035,0,458,219,up,677,gain
2018.03.23,0,458,219,Up,677,12,934,184,up,1130,pert
2018.03.26,12,934,184,Up,1130,301,402,341,down,1044,gain
2018.03.27,301,402,341,down,1044,73,944,199,down,1216,pert
2018.03.28,73,944,199,down,1216,162,78,279,down,519,pert
2018.03.29,162,78,279,down,519,133,219,86,up,438,gain
2018.03.30,133,219,86,Up,438,205,176,258,down,639,gain
2018.04.02,205,176,258,down,639,163,319,342,down,824,pert
2018.04.03,163,319,342,down,824,129,78,370,up,577,gain
2018.04.04,129,78,370,Up,577,218,373,129,down,720,gain
2018.04.05,218,373,129,down,720,245,415,99,up,759,gain
2018.04.06,245,415,99,Up,759,192,410,105,up,707,pert
2018.04.09,192,410,105,Up,707,157,373,219,up,749,pert
2018.04.10,157,373,219,Up,749,81,119,295,up,495,pert
2018.04.11,81,119,295,Up,495,269,396,141,down,806,gain
2018.04.12,269,396,141,down,806,185,35,169,up,389,gain
2018.04.13,185,35,169,Up,389,58,503,153,up,714,pert
2018.04.16,58,503,153,Up,714,332,91,354,down,777,gain
2018.04.17,332,91,354,down,777,274,45,237,up,556,gain
2018.04.18,274,45,237,Up,556,162,273,276,down,711,gain
2018.04.19,162,273,276,down,711,377,573,83,down,1033,pert
2018.04.20,377,573,83,down,1033,108,612,200,down,920,pert
2018.04.23,108,612,200,down,920,267,235,132,up,634,gain
2018.04.24,267,235,132,Up,634,5,706,76,down,787,gain
2018.04.25,5,706,76,down,787,68,568,500,down,1136,pert
2018.04.26,68,568,500,down,1136,478,262,36,up,776,gain
2018.04.27,478,262,36,Up,776,133,474,139,down,746,gain
2018.04.30,133,474,139,down,746,107,851,68,down,1026,pert
2018.05.01,107,851,68,down,1026,124,418,395,down,937,pert
2018.05.02,124,418,395,down,937,26,375,210,up,611,gain
2018.05.03,26,375,210,Up,611,501,269,76,down,846,gain
2018.05.04,501,269,76,down,846,243,289,273,down,805,pert
2018.05.07,243,289,273,down,805,260,578,169,down,1007,pert
2018.05.08,260,578,169,down,1007,275,137,331,down,743,pert
2018.05.09,275,137,331,down,743,73,647,316,up,1036,gain
2018.05.10,73,647,316,Up,1036,234,272,262,up,768,pert
2018.05.11,234,272,262,Up,768,2,156,543,down,701,gain
2018.05.14,2,156,543,down,701,173,887,124,down,1184,pert
2018.05.15,173,887,124,down,1184,438,305,169,down,912,pert
2018.05.16,438,305,169,down,912,168,134,309,down,611,pert
2018.05.17,168,134,309,down,611,207,233,283,down,723,pert
2018.05.18,207,233,283,down,723,530,215,46,up,791,gain
2018.05.21,530,215,46,Up,791,215,131,386,down,732,gain
2018.05.22,215,131,386,down,732,193,831,114,down,1138,pert
2018.05.23,193,831,114,down,1138,41,244,311,up,596,gain
2018.05.24,41,244,311,Up,596,40,710,133,down,883,gain
2018.05.25,40,710,133,down,883,165,585,461,down,1211,pert
2018.05.28,165,585,461,down,1211,293,839,166,down,1298,pert
2018.05.29,293,839,166,down,1298,163,1273,140,up,1576,gain
2018.05.30,163,1273,140,Up,1576,213,284,338,up,835,pert
2018.05.31,213,284,338,Up,835,430,283,300,down,1013,gain
2018.06.01,430,283,300,down,1013,0,424,467,up,891,gain
2018.06.04,0,424,467,Up,891,440,201,154,up,795,pert
2018.06.05,440,201,154,Up,795,11,617,221,up,849,pert
2018.06.06,11,617,221,Up,849,5,251,419,up,675,pert
2018.06.07,5,251,419,Up,675,424,288,122,down,834,gain
2018.06.08,424,288,122,down,834,22,96,376,up,494,gain
2018.06.11,22,96,376,Up,494,125,367,269,down,761,gain
2018.06.12,125,367,269,down,761,212,451,96,up,759,gain
2018.06.13,212,451,96,Up,759,31,2249,611,down,2891,gain
2018.06.14,31,2249,611,down,2891,250,390,200,up,840,gain
2018.06.15,250,390,200,Up,840,222,348,20,up,590,pert
2018.06.18,222,348,20,Up,590,572,347,219,down,1138,gain
2018.06.19,572,347,219,down,1138,345,168,127,down,640,pert
2018.06.20,345,168,127,down,640,617,330,310,up,1257,gain
2018.06.21,617,330,310,Up,1257,1,556,210,up,767,pert
2018.06.22,1,556,210,Up,767,351,392,103,up,846,pert
2018.06.25,351,392,103,Up,846,113,567,178,down,858,gain
2018.06.26,113,567,178,down,858,120,931,266,down,1317,pert
2018.06.27,120,931,266,down,1317,245,163,327,up,735,gain
2018.06.28,245,163,327,Up,735,92,1159,72,up,1323,pert
2018.06.29,92,1159,72,Up,1323,476,453,53,down,982,gain
2018.07.02,476,453,53,down,982,183,164,181,up,528,gain
2018.07.03,183,164,181,Up,528,250,4,258,down,512,gain
2018.07.04,250,4,258,down,512,55,341,308,up,704,gain
2018.07.05,55,341,308,Up,704,92,543,244,up,879,pert
2018.07.06,92,543,244,Up,879,56,114,412,up,582,pert
2018.07.09,56,114,412,Up,582,536,57,131,down,724,gain
2018.07.10,536,57,131,down,724,61,710,160,down,931,pert
2018.07.11,61,710,160,down,931,209,13,239,down,461,pert
2018.07.12,209,13,239,down,461,570,158,11,up,739,gain
2018.07.13,570,158,11,Up,739,140,213,146,up,499,pert
2018.07.16,140,213,146,Up,499,111,492,352,down,955,gain
2018.07.17,111,492,352,down,955,361,211,58,down,630,pert
2018.07.18,361,211,58,down,630,634,28,376,up,1038,gain
2018.07.19,634,28,376,Up,1038,157,790,179,up,1126,pert
2018.07.20,157,790,179,Up,1126,82,346,236,down,664,gain
2018.07.23,82,346,236,down,664,314,57,252,down,623,pert
2018.07.24,314,57,252,down,623,221,424,102,up,747,gain
2018.07.25,221,424,102,Up,747,26,867,143,down,1036,gain
2018.07.26,26,867,143,down,1036,204,162,75,up,441,gain
2018.07.27,204,162,75,Up,441,86,487,134,up,707,pert
2018.07.30,86,487,134,Up,707,51,121,428,down,600,gain
2018.07.31,51,121,428,down,600,26,301,98,down,425,pert
2018.08.01,26,301,98,down,425,27,750,81,down,858,pert
2018.08.02,27,750,81,down,858,74,166,264,down,504,pert
2018.08.03,74,166,264,down,504,236,149,27,down,412,pert
2018.08.06,236,149,27,down,412,32,447,99,up,578,gain
2018.08.07,32,447,99,Up,578,251,116,182,up,549,pert
2018.08.08,251,116,182,Up,549,12,831,93,down,936,gain
2018.08.09,12,831,93,down,936,233,1151,98,down,1482,pert
2018.08.10,233,1151,98,down,1482,68,382,228,up,678,gain
2018.08.13,68,382,228,Up,678,139,659,195,down,993,gain
2018.08.14,139,659,195,down,993,423,15,102,up,540,gain
2018.08.15,423,15,102,Up,540,99,306,330,up,735,pert
2018.08.16,99,306,330,Up,735,98,623,64,up,785,pert
2018.08.17,98,623,64,Up,785,426,441,39,up,906,pert
2018.08.20,426,441,39,Up,906,9,898,308,up,1215,pert
2018.08.21,9,898,308,Up,1215,168,262,268,up,698,pert
2018.08.22,168,262,268,Up,698,86,558,57,down,701,gain
2018.08.23,86,558,57,down,701,25,849,176,up,1050,gain
2018.08.24,25,849,176,Up,1050,219,617,155,up,991,pert
2018.08.27,219,617,155,Up,991,144,173,394,up,711,pert
2018.08.28,144,173,394,Up,711,425,124,33,up,582,pert
2018.08.29,425,124,33,Up,582,284,366,115,down,765,gain
2018.08.30,284,366,115,down,765,179,631,245,down,1055,pert
2018.08.31,179,631,245,down,1055,70,225,95,up,390,gain
2018.09.03,70,225,95,Up,390,507,365,38,down,910,gain
2018.09.04,507,365,38,down,910,379,488,109,up,976,gain
2018.09.05,379,488,109,Up,976,176,71,291,down,538,gain
2018.09.06,176,71,291,down,538,25,700,265,down,990,pert
2018.09.07,25,700,265,down,990,239,436,228,up,903,gain
2018.09.10,239,436,228,Up,903,273,122,393,up,788,pert
2018.09.11,273,122,393,Up,788,345,211,241,up,797,pert
2018.09.12,345,211,241,Up,797,166,644,110,up,920,pert
2018.09.13,166,644,110,Up,920,17,673,321,down,1011,gain
2018.09.14,17,673,321,down,1011,56,598,149,up,803,gain
2018.09.17,56,598,149,Up,803,133,179,412,down,724,gain
2018.09.18,133,179,412,down,724,153,71,426,up,650,gain
2018.09.19,153,71,426,Up,650,33,1047,77,up,1157,pert
2018.09.20,33,1047,77,Up,1157,214,225,262,down,701,gain
2018.09.21,214,225,262,down,701,168,67,676,up,911,gain
2018.09.24,168,67,676,Up,911,176,178,263,up,617,pert
2018.09.25,176,178,263,Up,617,123,274,321,down,718,gain
2018.09.26,123,274,321,down,718,22,955,206,down,1183,pert
2018.09.27,22,955,206,down,1183,327,387,102,down,816,pert
2018.09.28,327,387,102,down,816,146,378,87,down,611,pert
2018.10.01,146,378,87,down,611,412,330,10,down,752,pert
2018.10.02,412,330,10,down,752,127,708,459,down,1294,pert
2018.10.03,127,708,459,down,1294,132,372,290,up,794,gain
2018.10.04,132,372,290,Up,794,302,95,260,up,657,pert
2018.10.05,302,95,260,Up,657,311,298,87,down,696,gain
2018.10.08,311,298,87,down,696,581,4,126,down,711,pert
2018.10.09,581,4,126,down,711,105,283,268,up,656,gain
2018.10.10,105,283,268,Up,656,11,744,59,up,814,pert
2018.10.11,11,744,59,Up,814,245,277,240,down,762,gain
2018.10.12,245,277,240,down,762,0,420,275,up,695,gain
2018.10.15,0,420,275,Up,695,76,53,423,down,552,gain
2018.10.16,76,53,423,down,552,45,734,68,down,847,pert
2018.10.17,45,734,68,down,847,36,477,268,down,781,pert
2018.10.18,36,477,268,down,781,196,620,200,up,1016,gain
2018.10.19,196,620,200,Up,1016,84,523,338,down,945,gain
2018.10.22,84,523,338,down,945,246,62,234,up,542,gain
2018.10.23,246,62,234,Up,542,128,793,57,down,978,gain
2018.10.24,128,793,57,down,978,188,173,403,down,764,pert
2018.10.25,188,173,403,down,764,378,290,185,up,853,gain
2018.10.26,378,290,185,Up,853,118,258,182,down,558,gain
2018.10.29,118,258,182,down,558,30,288,155,down,473,pert
2018.10.30,30,288,155,down,473,118,296,167,down,581,pert
2018.10.31,118,296,167,down,581,11,880,224,up,1115,gain
2018.11.01,11,880,224,Up,1115,141,155,541,down,837,gain
2018.11.02,141,155,541,down,837,327,214,169,up,710,gain
2018.11.05,327,214,169,Up,710,154,196,115,up,465,pert
2018.11.06,154,196,115,Up,465,313,6,733,down,1052,gain
2018.11.07,313,6,733,down,1052,117,624,212,down,953,pert
2018.11.08,117,624,212,down,953,186,285,57,down,528,pert
2018.11.09,186,285,57,down,528,21,1010,119,down,1150,pert
2018.11.12,21,1010,119,down,1150,14,722,35,up,771,gain
2018.11.13,14,722,35,Up,771,276,176,392,up,844,pert
2018.11.14,276,176,392,Up,844,386,166,365,up,917,pert
2018.11.15,386,166,365,Up,917,38,891,59,up,988,pert
2018.11.16,38,891,59,Up,988,201,388,116,up,705,pert
2018.11.19,201,388,116,Up,705,112,834,190,down,1136,gain
2018.11.20,112,834,190,down,1136,50,148,400,up,598,gain
2018.11.21,50,148,400,Up,598,49,157,332,up,538,pert
2018.11.22,49,157,332,Up,538,26,707,205,down,938,gain
2018.11.23,26,707,205,down,938,27,118,443,down,588,pert
2018.11.26,27,118,443,down,588,104,400,160,down,664,pert
2018.11.27,104,400,160,down,664,182,810,216,up,1208,gain
2018.11.28,182,810,216,Up,1208,175,267,88,up,530,pert
2018.11.29,175,267,88,Up,530,105,769,77,down,951,gain
2018.11.30,105,769,77,down,951,310,35,259,up,604,gain
2018.12.03,310,35,259,Up,604,242,112,650,down,1004,gain
2018.12.04,242,112,650,down,1004,309,32,164,up,505,gain
2018.12.05,309,32,164,Up,505,242,299,377,up,918,pert
2018.12.06,242,299,377,Up,918,167,195,271,up,633,pert
2018.12.07,167,195,271,Up,633,52,341,530,down,923,gain
2018.12.10,52,341,530,down,923,104,385,453,down,942,pert
2018.12.11,104,385,453,down,942,14,520,188,up,722,gain
2018.12.12,14,520,188,Up,722,276,103,244,down,623,gain
2018.12.13,276,103,244,down,623,359,521,72,down,952,pert
2018.12.14,359,521,72,down,952,38,476,103,up,617,gain
2018.12.17,38,476,103,Up,617,106,131,418,up,655,pert
2018.12.18,106,131,418,Up,655,0,161,628,up,789,pert
2018.12.19,0,161,628,Up,789,72,690,403,up,1165,pert
2018.12.20,72,690,403,Up,1165,109,788,283,down,1180,gain
2018.12.21,109,788,283,down,1180,76,489,217,up,782,gain
2018.12.24,76,489,217,Up,782,98,624,3,down,725,gain
2018.12.26,98,624,3,down,725,24,756,246,up,1026,gain
